function	function_usr	current_source	native_function	native_function_usr
p101_convert_address	c:@F@p101_convert_address	libraries/lib_convert/src/networking.c	-	-
p101_parse_char	c:@F@p101_parse_char	libraries/lib_convert/src/integer.c	-	-
p101_parse_in_port_t	c:@F@p101_parse_in_port_t	libraries/lib_convert/src/networking.c	-	-
p101_parse_int	c:@F@p101_parse_int	libraries/lib_convert/src/integer.c	-	-
p101_parse_int16_t	c:@F@p101_parse_int16_t	libraries/lib_convert/src/integer.c	-	-
p101_parse_int32_t	c:@F@p101_parse_int32_t	libraries/lib_convert/src/integer.c	-	-
p101_parse_int64_t	c:@F@p101_parse_int64_t	libraries/lib_convert/src/integer.c	-	-
p101_parse_int8_t	c:@F@p101_parse_int8_t	libraries/lib_convert/src/integer.c	-	-
p101_parse_long	c:@F@p101_parse_long	libraries/lib_convert/src/integer.c	-	-
p101_parse_long_long	c:@F@p101_parse_long_long	libraries/lib_convert/src/integer.c	-	-
p101_parse_negative_char	c:@F@p101_parse_negative_char	libraries/lib_convert/src/integer.c	-	-
p101_parse_negative_int	c:@F@p101_parse_negative_int	libraries/lib_convert/src/integer.c	-	-
p101_parse_negative_int16_t	c:@F@p101_parse_negative_int16_t	libraries/lib_convert/src/integer.c	-	-
p101_parse_negative_int32_t	c:@F@p101_parse_negative_int32_t	libraries/lib_convert/src/integer.c	-	-
p101_parse_negative_int64_t	c:@F@p101_parse_negative_int64_t	libraries/lib_convert/src/integer.c	-	-
p101_parse_negative_int8_t	c:@F@p101_parse_negative_int8_t	libraries/lib_convert/src/integer.c	-	-
p101_parse_negative_long	c:@F@p101_parse_negative_long	libraries/lib_convert/src/integer.c	-	-
p101_parse_negative_long_long	c:@F@p101_parse_negative_long_long	libraries/lib_convert/src/integer.c	-	-
p101_parse_negative_short	c:@F@p101_parse_negative_short	libraries/lib_convert/src/integer.c	-	-
p101_parse_positive_char	c:@F@p101_parse_positive_char	libraries/lib_convert/src/integer.c	-	-
p101_parse_positive_int	c:@F@p101_parse_positive_int	libraries/lib_convert/src/integer.c	-	-
p101_parse_positive_int16_t	c:@F@p101_parse_positive_int16_t	libraries/lib_convert/src/integer.c	-	-
p101_parse_positive_int32_t	c:@F@p101_parse_positive_int32_t	libraries/lib_convert/src/integer.c	-	-
p101_parse_positive_int64_t	c:@F@p101_parse_positive_int64_t	libraries/lib_convert/src/integer.c	-	-
p101_parse_positive_int8_t	c:@F@p101_parse_positive_int8_t	libraries/lib_convert/src/integer.c	-	-
p101_parse_positive_long	c:@F@p101_parse_positive_long	libraries/lib_convert/src/integer.c	-	-
p101_parse_positive_long_long	c:@F@p101_parse_positive_long_long	libraries/lib_convert/src/integer.c	-	-
p101_parse_positive_short	c:@F@p101_parse_positive_short	libraries/lib_convert/src/integer.c	-	-
p101_parse_short	c:@F@p101_parse_short	libraries/lib_convert/src/integer.c	-	-
p101_parse_uint16_t	c:@F@p101_parse_uint16_t	libraries/lib_convert/src/integer.c	-	-
p101_parse_uint32_t	c:@F@p101_parse_uint32_t	libraries/lib_convert/src/integer.c	-	-
p101_parse_uint64_t	c:@F@p101_parse_uint64_t	libraries/lib_convert/src/integer.c	-	-
p101_parse_uint8_t	c:@F@p101_parse_uint8_t	libraries/lib_convert/src/integer.c	-	-
p101_parse_unsigned_char	c:@F@p101_parse_unsigned_char	libraries/lib_convert/src/integer.c	-	-
p101_parse_unsigned_int	c:@F@p101_parse_unsigned_int	libraries/lib_convert/src/integer.c	-	-
p101_parse_unsigned_long	c:@F@p101_parse_unsigned_long	libraries/lib_convert/src/integer.c	-	-
p101_parse_unsigned_long_long	c:@F@p101_parse_unsigned_long_long	libraries/lib_convert/src/integer.c	-	-
p101_parse_unsigned_short	c:@F@p101_parse_unsigned_short	libraries/lib_convert/src/integer.c	-	-
